{"loss": 1.4922833442687988, "accuracy": 0.9702000021934509}