{"loss": 1.4915536642074585, "accuracy": 0.9714000225067139}